Comment,Designator,Footprint,LCSC,Quantity
100K,"R15,R39,R4",R_0402_1005Metric,C25741,3
100R,R12,R_0402_1005Metric,C25076,1
100nF,"C1,C10,C12,C13,C16,C19,C24,C28,C29,C30,C31,C32,C4,C40,C5,C6,C7,C9",C_0402_1005Metric,C1525,18
10K,"R10,R13,R16,R20,R21,R22,R23,R24,R3,R32,R6,R7",R_0402_1005Metric,C25744,12
10uF,"C18,C2,C23,C25,C26,C39,C41,C42",C_0402_1005Metric,C15525,8
1K,"R11,R14,R19,R25",R_0402_1005Metric,C11702,4
1M,R17,R_0402_1005Metric,C26083,1
1uF,"C11,C3,C8",C_0402_1005Metric,C52923,3
220nF,C22,C_0402_1005Metric,C16772,1
22R,"R29,R30,R31,R33,R34,R35,R36,R37,R40,R41",R_0402_1005Metric,C25092,10
27R,"R8,R9",R_0402_1005Metric,C25100,2
2K,R5,R_0402_1005Metric,C4109,1
2uF,C27,C_0402_1005Metric,C12530,1
33pF,"C14,C15",C_0402_1005Metric,C1562,2
470K,R18,R_0402_1005Metric,C23178,1
470R,R27,R_0402_1005Metric,C25117,1
470nF,"C20,C21",C_0402_1005Metric,C23733,2
47uF,"C43,C44",C_0805_2012Metric,C16780,2
5.1K,"R1,R2",R_0402_1005Metric,C25905,2
910K,R38,R_0402_1005Metric,C11866,1
LPS3015-472MRC,"L1,L2",IND_LPS3015-472MRC,C17300975,2
LSM6DS3,U1,LGA-14_3x2.5mm_P0.5mm_LayoutBorder3x4y,C967633,1
LTC2954CTS8-1_TRPBF,U7,TSOT-23_TS8,C683782,1
MAX98357AEWL+T,U3,WLP-9_L1.4-W1.3-P0.40-R3-C3-BR,C2682619,1
MCP73871-2CC,U6,QFN-20-1EP_4x4mm_P0.5mm_EP2.5x2.5mm,C511310,1
MS5611-01BA,U9,LGA-8_3x5mm_P1.25mm,C15639,1
NSR0340HT1G,D1,D_SOD-323,C90392,1
RP2040,U4,QFN-56-1EP_7x7mm_P0.4mm_EP3.2x3.2mm,C2040,1
SSM3K35AMFV_L3F,Q1,VESM_SOT-723_,C150155,1
TF-CARD H1.8,TF1,TF-SMD_TF-CARD-H1.8,C7529389,1
TPS63030DSK,U11,WSON-10-1EP_2.5x2.5mm_P0.5mm_EP1.2x2mm,C469840,1
TPS63031DSK,U8,WSON-10-1EP_2.5x2.5mm_P0.5mm_EP1.2x2mm,C15516,1
TS-1010-C-A,"SW1,SW2,SW3",KEY-SMD_TX-1010-X-X,C692458,3
TYPE-C-31-M-12,J1,HRO_TYPE-C-31-M-12,C165948,1
W25Q128JVS,U5,SOIC-8_5.23x5.23mm_P1.27mm,C97521,1
X322512MSB4SI,Y1,Crystal_SMD_3225-4Pin_3.2x2.5mm,C9002,1
SCL,TP7,TestPoint_Pad_D2.0mm,,1
TX,TP4,TestPoint_Pad_D2.0mm,,1
3V3,TP3,TestPoint_Pad_D2.0mm,,1
SDA,TP6,TestPoint_Pad_D2.0mm,,1
RX,TP5,TestPoint_Pad_D2.0mm,,1
~,DS1,epv_2809_v2,,1
RM_XR1,U2,RM_XR1,,1
LED,D3,LED_0805_2012Metric_Pad1.15x1.40mm_HandSolder,,1
~,LIPO1,JST_PH_S2B-PH-SM4-TB_1x02-1MP_P2.00mm_Horizontal,,1
SWCLK,TP9,TestPoint_Pad_D2.0mm,,1
GND,TP8,TestPoint_Pad_D2.0mm,,1
SWD,TP11,TestPoint_Pad_D2.0mm,,1
Speaker-,TP2,TestPoint_Pad_D2.0mm,,1
GND,TP10,TestPoint_Pad_D2.0mm,,1
Speaker+,TP1,TestPoint_Pad_D2.0mm,,1
